episode_id,market,strategyName,strategyVersion,startAt,startAt_kst,lastAt,lastAt_kst,entryPrice,stopLossPrice,targetPrice,targetPct,stopPct,initialScore,maxScore,rows,eventTypes,maxMfePercent,minMaePercent,firstTargetAt_kst,firstStopAt_kst,outcome,pnlPct_rule,lastEvent,lastCurrentPrice,reason,score_bin,start_dt,timeToTargetMin,timeToStopMin
12,KRW-ADA,Momentum Breakout,v1,1778457495009,2026-05-11 08:58:15.009000+09:00,1778479124946,2026-05-11 14:58:44.946000+09:00,415.0,408.775,423.3,2.0000000000000018,-1.5000000000000013,39.04856370824647,39.04856370824647,2,INITIAL_SIGNAL|EXPIRED,0.0,-0.9638554216867472,,,EXPIRED_NO_HIT,-0.9638554216867434,EXPIRED,411.0,Positive trend with strong 24h trading value,"[36, 40)",2026-05-11 08:58:15.009000+09:00,,
480,KRW-ADA,Rebound Watch,v1,1778479156256,2026-05-11 14:59:16.256000+09:00,1778888261057,2026-05-16 08:37:41.057000+09:00,411.0,402.78,418.398,1.8000000000000016,-2.0000000000000018,34.59383145661952,35.361494737179044,98,STRATEGY_CHANGED|PRICE_MOVED_5_PERCENT|INITIAL_SIGNAL,0.7299270072992701,-6.326034063260341,,2026-05-13 09:01:12.856000+09:00,STOP_FIRST,-2.0000000000000018,PRICE_MOVED_5_PERCENT,389.0,Pullback with active trading volume,"[32, 36)",2026-05-11 14:59:16.256000+09:00,,2521.9433333333336
907,KRW-AKT,Momentum Breakout,v1,1778524873482,2026-05-12 03:41:13.482000+09:00,1778640188950,2026-05-13 11:43:08.950000+09:00,1234.0,1215.49,1258.68,2.0000000000000018,-1.5000000000000013,45.42914562636433,45.42914562636433,66,STRATEGY_CHANGED|PRICE_MOVED_5_PERCENT|INITIAL_SIGNAL,12.236628849270664,0.0,2026-05-12 10:02:31.576000+09:00,,TARGET_FIRST,2.0000000000000018,PRICE_MOVED_5_PERCENT,1379.0,Positive trend with strong 24h trading value,"[44, 100)",2026-05-12 03:41:13.482000+09:00,381.3015666666667,
17,KRW-API3,Rebound Watch,v1,1778457495009,2026-05-11 08:58:15.009000+09:00,1778479124946,2026-05-11 14:58:44.946000+09:00,544.0,533.12,553.792,1.8000000000000016,-2.0000000000000018,34.7550519611238,34.90710790967702,3,INITIAL_SIGNAL|STRATEGY_CHANGED|EXPIRED,0.0,-0.7352941176470588,,,EXPIRED_NO_HIT,-0.7352941176470562,EXPIRED,540.0,Pullback with active trading volume,"[32, 36)",2026-05-11 08:58:15.009000+09:00,,
2275,KRW-AZTEC,Momentum Breakout,v1,1778634954868,2026-05-13 10:15:54.868000+09:00,1778807345864,2026-05-15 10:09:05.864000+09:00,38.2,37.627,38.964000000000006,2.0000000000000018,-1.5000000000000013,46.18591417124536,46.18591417124536,29,STRATEGY_CHANGED|PRICE_MOVED_5_PERCENT|INITIAL_SIGNAL,0.0,-11.256544502617812,,2026-05-13 22:50:25.965000+09:00,STOP_FIRST,-1.5000000000000013,STRATEGY_CHANGED,35.5,Positive trend with strong 24h trading value,"[44, 100)",2026-05-13 10:15:54.868000+09:00,,754.5182833333333
26,KRW-B3,Rebound Watch,v1,1778457620642,2026-05-11 09:00:20.642000+09:00,1778479250400,2026-05-11 15:00:50.400000+09:00,1.93,1.8914,1.96474,1.8000000000000016,-2.0000000000000018,38.92850463938687,38.937478953934566,8,STRATEGY_CHANGED|INITIAL_SIGNAL|EXPIRED,0.0,-2.590673575129536,,2026-05-11 15:00:50.400000+09:00,STOP_FIRST,-2.0000000000000018,EXPIRED,1.88,Pullback with active trading volume,"[36, 40)",2026-05-11 09:00:20.642000+09:00,,360.4959666666667
497,KRW-B3,Rebound Watch,v1,1778479281611,2026-05-11 15:01:21.611000+09:00,1778548136573,2026-05-12 10:08:56.573000+09:00,1.89,1.8522,1.92402,1.8000000000000016,-1.9999999999999907,36.771469894659845,38.699626718057225,3,STRATEGY_CHANGED|INITIAL_SIGNAL,1.587301587301589,-0.5291005291005296,,,NO_HIT,-0.5291005291005346,STRATEGY_CHANGED,1.88,Pullback with active trading volume,"[36, 40)",2026-05-11 15:01:21.611000+09:00,,
33,KRW-BIO,Rebound Watch,v1,1778457620642,2026-05-11 09:00:20.642000+09:00,1778479250400,2026-05-11 15:00:50.400000+09:00,75.9,74.382,77.26620000000001,1.8000000000000016,-2.0000000000000018,36.99148576187548,37.23836296655408,4,STRATEGY_CHANGED|INITIAL_SIGNAL|EXPIRED,1.3175230566534917,0.0,,,EXPIRED_NO_HIT,1.3175230566534912,EXPIRED,76.9,Pullback with active trading volume,"[36, 40)",2026-05-11 09:00:20.642000+09:00,,
496,KRW-BIO,Volume Accumulation,v1,1778479281611,2026-05-11 15:01:21.611000+09:00,1778813156892,2026-05-15 11:45:56.892000+09:00,76.8,76.032,77.95199999999998,1.4999999999999902,-1.0000000000000009,37.35074386132665,38.97371803720965,82,STRATEGY_CHANGED|PRICE_MOVED_5_PERCENT|INITIAL_SIGNAL,1.5625000000000038,-12.369791666666668,2026-05-11 15:34:57.019000+09:00,2026-05-12 09:03:03.291000+09:00,TARGET_FIRST,1.4999999999999902,STRATEGY_CHANGED,67.5,Stable price with high liquidity,"[36, 40)",2026-05-11 15:01:21.611000+09:00,33.590133333333334,1081.6946666666668
9,KRW-BSV,Momentum Breakout,v1,1778457495009,2026-05-11 08:58:15.009000+09:00,1778479124946,2026-05-11 14:58:44.946000+09:00,25520.0,25137.2,26030.4,2.0000000000000018,-1.5000000000000013,40.421332447583694,40.421332447583694,2,INITIAL_SIGNAL|EXPIRED,0.0,-1.9200626959247649,,2026-05-11 14:58:44.946000+09:00,STOP_FIRST,-1.5000000000000013,EXPIRED,25030.0,Positive trend with strong 24h trading value,"[40, 44)",2026-05-11 08:58:15.009000+09:00,,360.49895000000004
484,KRW-BSV,Rebound Watch,v1,1778479156256,2026-05-11 14:59:16.256000+09:00,1778479156256,2026-05-11 14:59:16.256000+09:00,25120.0,24617.6,25572.16,1.8000000000000016,-2.0000000000000018,30.82123082810582,30.82123082810582,1,INITIAL_SIGNAL,0.0,0.0,,,NO_HIT,0.0,INITIAL_SIGNAL,25120.0,Pullback with active trading volume,"[0, 32)",2026-05-11 14:59:16.256000+09:00,,
485,KRW-BTC,Rebound Watch,v1,1778479156256,2026-05-11 14:59:16.256000+09:00,1778830214150,2026-05-15 16:30:14.150000+09:00,119154000.0,116770920.0,121298772.0,1.8000000000000016,-2.0000000000000018,29.8153089237109,31.12873582760312,34,STRATEGY_CHANGED|INITIAL_SIGNAL,1.0708830588985685,-1.139701562683586,,,NO_HIT,0.5161387783876314,STRATEGY_CHANGED,119769000.0,Pullback with active trading volume,"[0, 32)",2026-05-11 14:59:16.256000+09:00,,
21,KRW-BTC,Volume Accumulation,v1,1778457495009,2026-05-11 08:58:15.009000+09:00,1778479124946,2026-05-11 14:58:44.946000+09:00,120423000.0,119218770.0,122229345.0,1.4999999999999902,-1.0000000000000009,31.612438818564684,31.612438818564684,2,INITIAL_SIGNAL|EXPIRED,0.0,-1.0554462187455884,,2026-05-11 14:58:44.946000+09:00,STOP_FIRST,-1.0000000000000009,EXPIRED,119152000.0,Stable price with high liquidity,"[0, 32)",2026-05-11 08:58:15.009000+09:00,,360.49895000000004
15,KRW-CFG,Volume Accumulation,v1,1778457495009,2026-05-11 08:58:15.009000+09:00,1778479124946,2026-05-11 14:58:44.946000+09:00,451.0,446.49,457.76499999999993,1.4999999999999902,-1.0000000000000009,36.62582701244372,38.2749102882034,16,STRATEGY_CHANGED|INITIAL_SIGNAL|EXPIRED,3.104212860310421,0.0,2026-05-11 10:14:42.119000+09:00,,TARGET_FIRST,1.4999999999999902,EXPIRED,453.0,Stable price with high liquidity,"[36, 40)",2026-05-11 08:58:15.009000+09:00,76.45183333333333,
477,KRW-CFG,Volume Accumulation,v1,1778479156256,2026-05-11 14:59:16.256000+09:00,1778722547041,2026-05-14 10:35:47.041000+09:00,453.0,448.47,459.795,1.5000000000000124,-0.9999999999999898,35.628085230981554,36.39260737568903,17,STRATEGY_CHANGED|PRICE_MOVED_5_PERCENT|INITIAL_SIGNAL,0.2207505518763796,-10.596026490066226,,2026-05-13 21:43:21.718000+09:00,STOP_FIRST,-0.9999999999999898,PRICE_MOVED_5_PERCENT,412.0,Stable price with high liquidity,"[32, 36)",2026-05-11 14:59:16.256000+09:00,,3284.091033333333
20,KRW-CHIP,Rebound Watch,v1,1778457495009,2026-05-11 08:58:15.009000+09:00,1778479124946,2026-05-11 14:58:44.946000+09:00,93.6,91.728,95.2848,1.8000000000000016,-2.0000000000000018,33.00381258701985,33.00381258701985,2,INITIAL_SIGNAL|EXPIRED,0.0,-4.273504273504273,,2026-05-11 14:58:44.946000+09:00,STOP_FIRST,-2.0000000000000018,EXPIRED,89.6,Pullback with active trading volume,"[32, 36)",2026-05-11 08:58:15.009000+09:00,,360.49895000000004
711,KRW-CHIP,Volume Accumulation,v1,1778498275027,2026-05-11 20:17:55.027000+09:00,1778832237578,2026-05-15 17:03:57.578000+09:00,94.2,93.258,95.613,1.4999999999999902,-1.000000000000012,36.24719972496378,41.08157348882854,76,STRATEGY_CHANGED|PRICE_MOVED_5_PERCENT|INITIAL_SIGNAL,4.989384288747349,-7.112526539278134,2026-05-13 09:17:04.697000+09:00,2026-05-12 09:18:41.126000+09:00,STOP_FIRST,-1.000000000000012,STRATEGY_CHANGED,90.1,Stable price with high liquidity,"[36, 40)",2026-05-11 20:17:55.027000+09:00,2219.1611666666668,780.7683166666667
1205,KRW-CPOOL,Momentum Breakout,v1,1778547147939,2026-05-12 09:52:27.939000+09:00,1778547147939,2026-05-12 09:52:27.939000+09:00,54.1,53.2885,55.182,2.0000000000000018,-1.5000000000000013,47.66425304851133,47.66425304851133,1,INITIAL_SIGNAL,0.0,0.0,,,NO_HIT,0.0,INITIAL_SIGNAL,54.1,Positive trend with strong 24h trading value,"[44, 100)",2026-05-12 09:52:27.939000+09:00,,
34,KRW-CPOOL,Rebound Watch,v1,1778457620642,2026-05-11 09:00:20.642000+09:00,1778718127216,2026-05-14 09:22:07.216000+09:00,48.7,47.726,49.576600000000006,1.8000000000000016,-2.000000000000013,36.86085364269282,38.18314464236197,27,STRATEGY_CHANGED|PRICE_MOVED_5_PERCENT|EXPIRED|INITIAL_SIGNAL,13.347022587268992,-4.517453798767973,2026-05-13 09:00:09.843000+09:00,2026-05-11 15:00:50.400000+09:00,STOP_FIRST,-2.000000000000013,STRATEGY_CHANGED,55.1,Pullback with active trading volume,"[36, 40)",2026-05-11 09:00:20.642000+09:00,2879.8200166666666,360.4959666666667
1359,KRW-CRO,Momentum Breakout,v1,1778565904240,2026-05-12 15:05:04.240000+09:00,1778565904240,2026-05-12 15:05:04.240000+09:00,121.0,119.185,123.42,2.0000000000000018,-1.5000000000000013,42.68307848559536,42.68307848559536,1,INITIAL_SIGNAL,0.0,0.0,,,NO_HIT,0.0,INITIAL_SIGNAL,121.0,Positive trend with strong 24h trading value,"[40, 44)",2026-05-12 15:05:04.240000+09:00,,
212,KRW-CVC,Rebound Watch,v1,1778462656370,2026-05-11 10:24:16.370000+09:00,1778484288410,2026-05-11 16:24:48.410000+09:00,49.6,48.608,50.4928,1.8000000000000016,-2.000000000000013,35.81713226499496,36.230278778872986,6,STRATEGY_CHANGED|INITIAL_SIGNAL|EXPIRED,0.4032258064516043,-0.4032258064516186,,,EXPIRED_NO_HIT,-0.40322580645162365,EXPIRED,49.4,Pullback with active trading volume,"[32, 36)",2026-05-11 10:24:16.370000+09:00,,
575,KRW-CVC,Rebound Watch,v1,1778484346854,2026-05-11 16:25:46.854000+09:00,1778501373010,2026-05-11 21:09:33.010000+09:00,49.4,48.412,50.2892,1.8000000000000016,-2.0000000000000018,35.479543787890464,36.30035561085886,13,STRATEGY_CHANGED|INITIAL_SIGNAL,0.8097165991902806,0.0,,,NO_HIT,0.809716599190291,STRATEGY_CHANGED,49.8,Pullback with active trading volume,"[32, 36)",2026-05-11 16:25:46.854000+09:00,,
516,KRW-DEEP,Rebound Watch,v1,1778480663316,2026-05-11 15:24:23.316000+09:00,1778480663316,2026-05-11 15:24:23.316000+09:00,59.9,58.702,60.9782,1.8000000000000016,-2.0000000000000018,33.32596889207298,33.32596889207298,1,INITIAL_SIGNAL,0.0,0.0,,,NO_HIT,0.0,INITIAL_SIGNAL,59.9,Pullback with active trading volume,"[32, 36)",2026-05-11 15:24:23.316000+09:00,,
30,KRW-DEEP,Volume Accumulation,v1,1778457620642,2026-05-11 09:00:20.642000+09:00,1778479250400,2026-05-11 15:00:50.400000+09:00,62.3,61.677,63.23449999999999,1.4999999999999902,-1.0000000000000009,37.37078633881092,38.88123506514172,5,STRATEGY_CHANGED|INITIAL_SIGNAL|EXPIRED,1.444622792937409,-4.815409309791333,,2026-05-11 15:00:50.400000+09:00,STOP_FIRST,-1.0000000000000009,EXPIRED,59.3,Stable price with high liquidity,"[36, 40)",2026-05-11 09:00:20.642000+09:00,,360.4959666666667
474,KRW-DOGE,Rebound Watch,v1,1778479156256,2026-05-11 14:59:16.256000+09:00,1778846021906,2026-05-15 20:53:41.906000+09:00,162.0,158.76,164.916,1.8000000000000016,-2.0000000000000018,36.346843976615176,38.10090984657221,222,STRATEGY_CHANGED|INITIAL_SIGNAL,4.938271604938271,0.0,2026-05-14 09:00:52.404000+09:00,,TARGET_FIRST,1.8000000000000016,STRATEGY_CHANGED,169.0,Pullback with active trading volume,"[36, 40)",2026-05-11 14:59:16.256000+09:00,3961.6024666666663,
10,KRW-DOGE,Volume Accumulation,v1,1778457495009,2026-05-11 08:58:15.009000+09:00,1778479124946,2026-05-11 14:58:44.946000+09:00,165.0,163.35,167.475,1.4999999999999902,-1.0000000000000009,39.69722983860797,39.69722983860797,6,STRATEGY_CHANGED|INITIAL_SIGNAL|EXPIRED,0.0,-1.818181818181818,,2026-05-11 14:58:44.946000+09:00,STOP_FIRST,-1.0000000000000009,EXPIRED,162.0,Stable price with high liquidity,"[36, 40)",2026-05-11 08:58:15.009000+09:00,,360.49895000000004
18,KRW-DRIFT,Rebound Watch,v1,1778457495009,2026-05-11 08:58:15.009000+09:00,1778479124946,2026-05-11 14:58:44.946000+09:00,72.1,70.65799999999999,73.39779999999999,1.8000000000000016,-2.000000000000013,34.11284993590971,36.39174279303795,6,STRATEGY_CHANGED|INITIAL_SIGNAL|EXPIRED,0.1386962552011214,-0.8321775312066496,,,EXPIRED_NO_HIT,0.1386962552011317,EXPIRED,72.2,Pullback with active trading volume,"[32, 36)",2026-05-11 08:58:15.009000+09:00,,
1023,KRW-DRIFT,Volume Accumulation,v1,1778540188124,2026-05-12 07:56:28.124000+09:00,1778882833442,2026-05-16 07:07:13.442000+09:00,72.4,71.676,73.486,1.4999999999999902,-1.0000000000000009,36.07674401371455,41.04901371252436,21,STRATEGY_CHANGED|INITIAL_SIGNAL,1.2430939226519218,-0.2762430939226558,,,NO_HIT,0.13812154696131174,STRATEGY_CHANGED,72.5,Stable price with high liquidity,"[36, 40)",2026-05-12 07:56:28.124000+09:00,,
102,KRW-ENS,Momentum Breakout,v1,1778458426828,2026-05-11 09:13:46.828000+09:00,1778480030203,2026-05-11 15:13:50.203000+09:00,11350.0,11179.75,11577.0,2.0000000000000018,-1.5000000000000013,38.37285370440483,38.37285370440483,7,STRATEGY_CHANGED|INITIAL_SIGNAL|EXPIRED,0.0,-2.026431718061674,,2026-05-11 09:24:22.463000+09:00,STOP_FIRST,-1.5000000000000013,EXPIRED,11120.0,Positive trend with strong 24h trading value,"[36, 40)",2026-05-11 09:13:46.828000+09:00,,10.593916666666667
512,KRW-ENS,Volume Accumulation,v1,1778480061249,2026-05-11 15:14:21.249000+09:00,1778549125671,2026-05-12 10:25:25.671000+09:00,11060.0,10949.4,11225.9,1.4999999999999902,-1.0000000000000009,36.21923160518666,36.68484579115479,12,STRATEGY_CHANGED|INITIAL_SIGNAL,0.4520795660036166,-2.079566003616637,,2026-05-11 23:37:05.536000+09:00,STOP_FIRST,-1.0000000000000009,STRATEGY_CHANGED,10890.0,Stable price with high liquidity,"[36, 40)",2026-05-11 15:14:21.249000+09:00,,502.73811666666666
483,KRW-ETH,Rebound Watch,v1,1778479156256,2026-05-11 14:59:16.256000+09:00,1778810846962,2026-05-15 11:07:26.962000+09:00,3440000.0,3371200.0,3501920.0,1.8000000000000016,-2.0000000000000018,31.48038983178101,32.17400053659784,26,STRATEGY_CHANGED|INITIAL_SIGNAL,0.0,-2.5,,2026-05-13 22:40:06.124000+09:00,STOP_FIRST,-2.0000000000000018,STRATEGY_CHANGED,3373000.0,Pullback with active trading volume,"[0, 32)",2026-05-11 14:59:16.256000+09:00,,3340.831133333333
19,KRW-ETH,Volume Accumulation,v1,1778457495009,2026-05-11 08:58:15.009000+09:00,1778479124946,2026-05-11 14:58:44.946000+09:00,3473000.0,3438270.0,3525094.9999999995,1.4999999999999902,-1.0000000000000009,33.30380834082996,33.30380834082996,6,STRATEGY_CHANGED|INITIAL_SIGNAL|EXPIRED,0.1151742009789807,-0.9213936078318457,,,EXPIRED_NO_HIT,-0.9213936078318441,EXPIRED,3441000.0,Stable price with high liquidity,"[32, 36)",2026-05-11 08:58:15.009000+09:00,,
880,KRW-FF,Momentum Breakout,v1,1778518039689,2026-05-12 01:47:19.689000+09:00,1778877968451,2026-05-16 05:46:08.451000+09:00,104.0,102.44,106.08,2.0000000000000018,-1.5000000000000013,44.057460064845976,48.1147717217822,98,PRICE_MOVED_5_PERCENT|STRATEGY_CHANGED|INITIAL_SIGNAL,25.961538461538463,0.0,2026-05-12 15:33:02.418000+09:00,,TARGET_FIRST,2.0000000000000018,PRICE_MOVED_5_PERCENT,129.0,Positive trend with strong 24h trading value,"[44, 100)",2026-05-12 01:47:19.689000+09:00,825.71215,
4119,KRW-HP,Momentum Breakout,v1,1778738980059,2026-05-14 15:09:40.059000+09:00,1778738980059,2026-05-14 15:09:40.059000+09:00,26.1,25.7085,26.622000000000003,2.0000000000000018,-1.5000000000000013,47.27384603137723,47.27384603137723,1,INITIAL_SIGNAL,0.0,0.0,,,NO_HIT,0.0,INITIAL_SIGNAL,26.1,Positive trend with strong 24h trading value,"[44, 100)",2026-05-14 15:09:40.059000+09:00,,
1369,KRW-ICP,Volume Accumulation,v1,1778565904240,2026-05-12 15:05:04.240000+09:00,1778565904240,2026-05-12 15:05:04.240000+09:00,4897.0,4848.03,4970.455,1.4999999999999902,-1.0000000000000009,32.611337535354714,32.611337535354714,1,INITIAL_SIGNAL,0.0,0.0,,,NO_HIT,0.0,INITIAL_SIGNAL,4897.0,Stable price with high liquidity,"[32, 36)",2026-05-12 15:05:04.240000+09:00,,
4757,KRW-IMX,Momentum Breakout,v1,1778764748504,2026-05-14 22:19:08.504000+09:00,1778764748504,2026-05-14 22:19:08.504000+09:00,305.0,300.425,311.1,2.0000000000000018,-1.5000000000000013,45.917337591731226,45.917337591731226,1,INITIAL_SIGNAL,0.0,0.0,,,NO_HIT,0.0,INITIAL_SIGNAL,305.0,Positive trend with strong 24h trading value,"[44, 100)",2026-05-14 22:19:08.504000+09:00,,
2875,KRW-INJ,Momentum Breakout,v1,1778689105172,2026-05-14 01:18:25.172000+09:00,1778709528939,2026-05-14 06:58:48.939000+09:00,7930.0,7811.05,8088.6,2.0000000000000018,-1.5000000000000013,47.517123717941146,47.517123717941146,2,INITIAL_SIGNAL|PRICE_MOVED_5_PERCENT,0.0,-5.170239596469105,,2026-05-14 06:58:48.939000+09:00,STOP_FIRST,-1.5000000000000013,PRICE_MOVED_5_PERCENT,7520.0,Positive trend with strong 24h trading value,"[44, 100)",2026-05-14 01:18:25.172000+09:00,,340.39611666666667
533,KRW-IP,Rebound Watch,v1,1778481384765,2026-05-11 15:36:24.765000+09:00,1778632270425,2026-05-13 09:31:10.425000+09:00,856.0,838.88,871.408,1.8000000000000016,-2.0000000000000018,32.54136573943124,34.1901326254806,8,STRATEGY_CHANGED|INITIAL_SIGNAL,0.0,-3.6214953271028034,,2026-05-12 09:12:24.402000+09:00,STOP_FIRST,-2.0000000000000018,STRATEGY_CHANGED,825.0,Pullback with active trading volume,"[32, 36)",2026-05-11 15:36:24.765000+09:00,,1055.99395
155,KRW-IP,Volume Accumulation,v1,1778459672129,2026-05-11 09:34:32.129000+09:00,1778481297019,2026-05-11 15:34:57.019000+09:00,880.0,871.2,893.1999999999999,1.4999999999999902,-0.9999999999999898,35.122856174377205,35.122856174377205,4,STRATEGY_CHANGED|INITIAL_SIGNAL|EXPIRED,0.0,-2.6136363636363638,,2026-05-11 15:34:57.019000+09:00,STOP_FIRST,-0.9999999999999898,EXPIRED,857.0,Stable price with high liquidity,"[32, 36)",2026-05-11 09:34:32.129000+09:00,,360.4148333333333
6292,KRW-IRYS,Momentum Breakout,v1,1778850129226,2026-05-15 22:02:09.226000+09:00,1778856055153,2026-05-15 23:40:55.153000+09:00,114.0,112.29,116.28,2.0000000000000018,-1.4999999999999902,48.98054400079748,48.98054400079748,12,STRATEGY_CHANGED|INITIAL_SIGNAL|PRICE_MOVED_5_PERCENT,0.0,-6.140350877192982,,2026-05-15 22:29:19.141000+09:00,STOP_FIRST,-1.4999999999999902,STRATEGY_CHANGED,107.0,Positive trend with strong 24h trading value,"[44, 100)",2026-05-15 22:02:09.226000+09:00,,27.16525
50,KRW-JTO,Volume Accumulation,v1,1778457652815,2026-05-11 09:00:52.815000+09:00,1778479281611,2026-05-11 15:01:21.611000+09:00,749.0,741.51,760.2349999999999,1.4999999999999902,-1.0000000000000009,35.506002887155944,35.73809489380235,12,STRATEGY_CHANGED|INITIAL_SIGNAL|EXPIRED,2.53671562082777,-0.1335113484646194,2026-05-11 15:01:21.611000+09:00,,TARGET_FIRST,1.4999999999999902,EXPIRED,768.0,Stable price with high liquidity,"[32, 36)",2026-05-11 09:00:52.815000+09:00,360.4799333333333,
2765,KRW-JTO,Volume Accumulation,v1,1778682885442,2026-05-13 23:34:45.442000+09:00,1778815067462,2026-05-15 12:17:47.462000+09:00,734.0,726.66,745.0099999999999,1.4999999999999902,-1.0000000000000009,36.67178149472081,37.17261504092556,57,STRATEGY_CHANGED|PRICE_MOVED_5_PERCENT|INITIAL_SIGNAL,5.858310626702997,-2.588555858310627,2026-05-14 09:00:52.404000+09:00,2026-05-14 00:50:01.902000+09:00,STOP_FIRST,-1.0000000000000009,STRATEGY_CHANGED,762.0,Stable price with high liquidity,"[36, 40)",2026-05-13 23:34:45.442000+09:00,566.1160333333333,75.27433333333333
5738,KRW-KAVA,Rebound Watch,v1,1778817213798,2026-05-15 12:53:33.798000+09:00,1778817213798,2026-05-15 12:53:33.798000+09:00,92.3,90.454,93.9614,1.8000000000000016,-2.0000000000000018,33.6397076864714,33.6397076864714,1,INITIAL_SIGNAL,0.0,0.0,,,NO_HIT,0.0,INITIAL_SIGNAL,92.3,Pullback with active trading volume,"[32, 36)",2026-05-15 12:53:33.798000+09:00,,
573,KRW-KITE,Momentum Breakout,v1,1778484346854,2026-05-11 16:25:46.854000+09:00,1778853185021,2026-05-15 22:53:05.021000+09:00,274.0,269.89,279.48,2.0000000000000018,-1.5000000000000013,40.66574594612153,48.214213123736,125,PRICE_MOVED_5_PERCENT|STRATEGY_CHANGED|INITIAL_SIGNAL,24.45255474452555,-2.554744525547445,2026-05-11 17:14:55.218000+09:00,2026-05-11 19:19:55.405000+09:00,TARGET_FIRST,2.0000000000000018,STRATEGY_CHANGED,328.0,Positive trend with strong 24h trading value,"[40, 44)",2026-05-11 16:25:46.854000+09:00,49.1394,174.14251666666667
23,KRW-LAYER,Rebound Watch,v1,1778457620642,2026-05-11 09:00:20.642000+09:00,1778479250400,2026-05-11 15:00:50.400000+09:00,182.0,178.36,185.276,1.8000000000000016,-1.9999999999999907,39.42568862533737,39.42568862533737,3,INITIAL_SIGNAL|STRATEGY_CHANGED|EXPIRED,2.7472527472527477,-1.098901098901099,2026-05-11 15:00:50.400000+09:00,,TARGET_FIRST,1.8000000000000016,EXPIRED,187.0,Pullback with active trading volume,"[36, 40)",2026-05-11 09:00:20.642000+09:00,360.4959666666667,
495,KRW-LAYER,Volume Accumulation,v1,1778479281611,2026-05-11 15:01:21.611000+09:00,1778642824073,2026-05-13 12:27:04.073000+09:00,186.0,184.14,188.79,1.4999999999999902,-1.000000000000012,40.798776000133664,40.798776000133664,47,STRATEGY_CHANGED|PRICE_MOVED_5_PERCENT|INITIAL_SIGNAL,0.0,-13.978494623655912,,2026-05-11 15:54:10.259000+09:00,STOP_FIRST,-1.000000000000012,STRATEGY_CHANGED,160.0,Stable price with high liquidity,"[40, 44)",2026-05-11 15:01:21.611000+09:00,,52.8108
2896,KRW-LINK,Rebound Watch,v1,1778691140954,2026-05-14 01:52:20.954000+09:00,1778814406348,2026-05-15 12:06:46.348000+09:00,15150.0,14847.0,15422.7,1.8000000000000016,-2.0000000000000018,31.16889378205621,31.711140611173647,18,STRATEGY_CHANGED|INITIAL_SIGNAL,2.178217821782178,0.0,2026-05-15 09:02:55.722000+09:00,,TARGET_FIRST,1.8000000000000016,STRATEGY_CHANGED,15480.0,Pullback with active trading volume,"[0, 32)",2026-05-14 01:52:20.954000+09:00,1870.5794666666666,
2291,KRW-MANTRA,Rebound Watch,v1,1778635271930,2026-05-13 10:21:11.930000+09:00,1778648583067,2026-05-13 14:03:03.067000+09:00,16.8,16.464,17.1024,1.8000000000000016,-2.000000000000013,35.66600561749466,36.17159752604294,6,STRATEGY_CHANGED|INITIAL_SIGNAL,0.5952380952380826,0.0,,,NO_HIT,0.5952380952380931,STRATEGY_CHANGED,16.9,Pullback with active trading volume,"[32, 36)",2026-05-13 10:21:11.930000+09:00,,
611,KRW-MBL,Momentum Breakout,v1,1778488045673,2026-05-11 17:27:25.673000+09:00,1778504039229,2026-05-11 21:53:59.229000+09:00,1.49,1.46765,1.5198,2.0000000000000018,-1.5000000000000013,43.24099580077559,50.41818956296331,2,INITIAL_SIGNAL|PRICE_MOVED_5_PERCENT,6.71140939597316,0.0,2026-05-11 21:53:59.229000+09:00,,TARGET_FIRST,2.0000000000000018,PRICE_MOVED_5_PERCENT,1.59,Positive trend with strong 24h trading value,"[40, 44)",2026-05-11 17:27:25.673000+09:00,266.5592666666667,
844,KRW-MED,Momentum Breakout,v1,1778510986446,2026-05-11 23:49:46.446000+09:00,1778543010992,2026-05-12 08:43:30.992000+09:00,3.62,3.5657,3.6924,2.0000000000000018,-1.5000000000000013,48.58343116160231,48.58343116160231,17,PRICE_MOVED_5_PERCENT|INITIAL_SIGNAL,0.0,-6.077348066298348,,2026-05-12 00:26:42.963000+09:00,STOP_FIRST,-1.5000000000000013,PRICE_MOVED_5_PERCENT,3.4,Positive trend with strong 24h trading value,"[44, 100)",2026-05-11 23:49:46.446000+09:00,,36.94195
1150,KRW-MEGA,Rebound Watch,v1,1778545622307,2026-05-12 09:27:02.307000+09:00,1778887491974,2026-05-16 08:24:51.974000+09:00,173.0,169.54,176.114,1.8000000000000016,-2.0000000000000018,33.67931045374131,35.12849248987604,65,PRICE_MOVED_5_PERCENT|STRATEGY_CHANGED|INITIAL_SIGNAL,0.0,-13.294797687861273,,2026-05-13 09:00:09.843000+09:00,STOP_FIRST,-2.0000000000000018,PRICE_MOVED_5_PERCENT,150.0,Pullback with active trading volume,"[32, 36)",2026-05-12 09:27:02.307000+09:00,,1413.1255999999998
379,KRW-MOVE,Momentum Breakout,v1,1778473364054,2026-05-11 13:22:44.054000+09:00,1778494986978,2026-05-11 19:23:06.978000+09:00,30.1,29.6485,30.702,2.0000000000000018,-1.5000000000000124,41.183204150469855,50.114535217609415,8,PRICE_MOVED_5_PERCENT|INITIAL_SIGNAL|STRATEGY_CHANGED|EXPIRED,6.976744186046516,-1.3289036544850568,2026-05-11 16:14:46.151000+09:00,,TARGET_FIRST,2.0000000000000018,EXPIRED,31.8,Positive trend with strong 24h trading value,"[40, 44)",2026-05-11 13:22:44.054000+09:00,172.03495,
689,KRW-MOVE,Momentum Breakout,v1,1778495020100,2026-05-11 19:23:40.100000+09:00,1778545089463,2026-05-12 09:18:09.463000+09:00,32.1,31.6185,32.742000000000004,2.0000000000000018,-1.5000000000000013,49.81360287442048,49.81360287442048,6,PRICE_MOVED_5_PERCENT|INITIAL_SIGNAL|STRATEGY_CHANGED,0.0,-5.607476635514021,,2026-05-11 23:34:21.495000+09:00,STOP_FIRST,-1.5000000000000013,STRATEGY_CHANGED,31.8,Positive trend with strong 24h trading value,"[44, 100)",2026-05-11 19:23:40.100000+09:00,,250.68991666666668
1994,KRW-NEAR,Volume Accumulation,v1,1778630535904,2026-05-13 09:02:15.904000+09:00,1778716852404,2026-05-14 09:00:52.404000+09:00,2387.0,2363.13,2422.805,1.4999999999999902,-1.0000000000000009,33.19492179901843,36.607094289294096,15,STRATEGY_CHANGED|INITIAL_SIGNAL,2.932551319648094,-1.8852115626309172,2026-05-13 10:18:02.208000+09:00,2026-05-14 09:00:52.404000+09:00,TARGET_FIRST,1.4999999999999902,STRATEGY_CHANGED,2342.0,Stable price with high liquidity,"[32, 36)",2026-05-13 09:02:15.904000+09:00,75.77173333333333,1438.6083333333333
471,KRW-ONDO,Momentum Breakout,v1,1778479156256,2026-05-11 14:59:16.256000+09:00,1778777917949,2026-05-15 01:58:37.949000+09:00,652.0,642.22,665.04,2.0000000000000018,-1.5000000000000013,42.85796549619205,42.85796549619205,34,STRATEGY_CHANGED|PRICE_MOVED_5_PERCENT|INITIAL_SIGNAL,0.0,-9.202453987730062,,2026-05-11 16:16:06.941000+09:00,STOP_FIRST,-1.5000000000000013,STRATEGY_CHANGED,592.0,Positive trend with strong 24h trading value,"[40, 44)",2026-05-11 14:59:16.256000+09:00,,76.84475
13,KRW-ONDO,Volume Accumulation,v1,1778457495009,2026-05-11 08:58:15.009000+09:00,1778479124946,2026-05-11 14:58:44.946000+09:00,623.0,616.77,632.3449999999999,1.4999999999999902,-1.0000000000000009,37.85259106109783,40.14108801910983,14,STRATEGY_CHANGED|INITIAL_SIGNAL|EXPIRED,4.654895666131622,0.0,2026-05-11 09:40:13.959000+09:00,,TARGET_FIRST,1.4999999999999902,EXPIRED,652.0,Stable price with high liquidity,"[36, 40)",2026-05-11 08:58:15.009000+09:00,41.982499999999995,
302,KRW-ORCA,Momentum Breakout,v1,1778465966653,2026-05-11 11:19:26.653000+09:00,1778487575645,2026-05-11 17:19:35.645000+09:00,2515.0,2477.275,2565.3,2.0000000000000018,-1.5000000000000013,37.17887078410542,37.34693219623776,5,STRATEGY_CHANGED|INITIAL_SIGNAL|EXPIRED,0.0,-0.6759443339960238,,,EXPIRED_NO_HIT,-0.6759443339960258,EXPIRED,2498.0,Positive trend with strong 24h trading value,"[36, 40)",2026-05-11 11:19:26.653000+09:00,,
609,KRW-ORCA,Momentum Breakout,v1,1778487606814,2026-05-11 17:20:06.814000+09:00,1778493435482,2026-05-11 18:57:15.482000+09:00,2503.0,2465.455,2553.06,2.0000000000000018,-1.5000000000000013,37.27379195245137,37.68186485810019,5,STRATEGY_CHANGED|INITIAL_SIGNAL,0.3196164602477027,0.0,,,NO_HIT,0.03995205753095643,STRATEGY_CHANGED,2504.0,Positive trend with strong 24h trading value,"[36, 40)",2026-05-11 17:20:06.814000+09:00,,
1481,KRW-ORDER,Volume Accumulation,v1,1778570683845,2026-05-12 16:24:43.845000+09:00,1778605536318,2026-05-13 02:05:36.318000+09:00,89.0,88.11,90.335,1.4999999999999902,-1.0000000000000009,37.22701413578988,37.22701413578988,2,INITIAL_SIGNAL|STRATEGY_CHANGED,0.0,-1.5730337078651748,,2026-05-13 02:05:36.318000+09:00,STOP_FIRST,-1.0000000000000009,STRATEGY_CHANGED,87.6,Stable price with high liquidity,"[36, 40)",2026-05-12 16:24:43.845000+09:00,,580.87455
541,KRW-PENGU,Rebound Watch,v1,1778481903542,2026-05-11 15:45:03.542000+09:00,1778682696456,2026-05-13 23:31:36.456000+09:00,15.2,14.896,15.4736,1.8000000000000016,-1.9999999999999907,34.22562190600053,36.90069115348702,23,PRICE_MOVED_5_PERCENT|STRATEGY_CHANGED|INITIAL_SIGNAL,0.0,-9.86842105263158,,2026-05-13 09:00:09.843000+09:00,STOP_FIRST,-1.9999999999999907,PRICE_MOVED_5_PERCENT,13.7,Pullback with active trading volume,"[32, 36)",2026-05-11 15:45:03.542000+09:00,,2475.105016666667
246,KRW-PIEVERSE,Momentum Breakout,v1,1778463898311,2026-05-11 10:44:58.311000+09:00,1778485512546,2026-05-11 16:45:12.546000+09:00,1252.0,1233.22,1277.04,2.0000000000000018,-1.5000000000000013,39.794802423858165,39.794802423858165,13,STRATEGY_CHANGED|INITIAL_SIGNAL|EXPIRED,0.0,-6.1501597444089455,,2026-05-11 11:17:52.947000+09:00,STOP_FIRST,-1.5000000000000013,EXPIRED,1175.0,Positive trend with strong 24h trading value,"[36, 40)",2026-05-11 10:44:58.311000+09:00,,32.9106
585,KRW-PIEVERSE,Rebound Watch,v1,1778485543843,2026-05-11 16:45:43.843000+09:00,1778880370858,2026-05-16 06:26:10.858000+09:00,1175.0,1151.5,1196.15,1.8000000000000016,-2.0000000000000018,33.49977859647497,36.76753645897388,114,STRATEGY_CHANGED|PRICE_MOVED_5_PERCENT|INITIAL_SIGNAL,24.25531914893617,0.0,2026-05-13 09:00:09.843000+09:00,,TARGET_FIRST,1.8000000000000016,STRATEGY_CHANGED,1460.0,Pullback with active trading volume,"[32, 36)",2026-05-11 16:45:43.843000+09:00,2414.4333333333334,
5478,KRW-POLYX,Momentum Breakout,v1,1778805912597,2026-05-15 09:45:12.597000+09:00,1778876838732,2026-05-16 05:27:18.732000+09:00,89.8,88.453,91.596,2.0000000000000018,-1.4999999999999902,46.36631088296801,46.36631088296801,10,PRICE_MOVED_5_PERCENT|STRATEGY_CHANGED|INITIAL_SIGNAL,0.0,-7.572383073496656,,2026-05-15 19:30:17.997000+09:00,STOP_FIRST,-1.4999999999999902,STRATEGY_CHANGED,83.0,Positive trend with strong 24h trading value,"[44, 100)",2026-05-15 09:45:12.597000+09:00,,585.09
25,KRW-PROS,Volume Accumulation,v1,1778457620642,2026-05-11 09:00:20.642000+09:00,1778479250400,2026-05-11 15:00:50.400000+09:00,1339.0,1325.61,1359.0849999999998,1.4999999999999902,-1.000000000000012,38.93340136742735,38.97884782441129,3,INITIAL_SIGNAL|STRATEGY_CHANGED|EXPIRED,0.0746825989544436,-6.646751306945482,,2026-05-11 15:00:50.400000+09:00,STOP_FIRST,-1.000000000000012,EXPIRED,1250.0,Stable price with high liquidity,"[36, 40)",2026-05-11 09:00:20.642000+09:00,,360.4959666666667
1043,KRW-PROS,Volume Accumulation,v1,1778544002758,2026-05-12 09:00:02.758000+09:00,1778544002758,2026-05-12 09:00:02.758000+09:00,1184.0,1172.16,1201.76,1.4999999999999902,-0.9999999999999898,35.06259698731993,35.06259698731993,1,INITIAL_SIGNAL,0.0,0.0,,,NO_HIT,0.0,INITIAL_SIGNAL,1184.0,Stable price with high liquidity,"[32, 36)",2026-05-12 09:00:02.758000+09:00,,
3,KRW-QTUM,Momentum Breakout,v1,1778457495009,2026-05-11 08:58:15.009000+09:00,1778479124946,2026-05-11 14:58:44.946000+09:00,1535.0,1511.975,1565.7,2.0000000000000018,-1.5000000000000013,44.250758729842936,44.250758729842936,4,STRATEGY_CHANGED|INITIAL_SIGNAL|EXPIRED,3.322475570032573,-0.7817589576547231,2026-05-11 09:53:49.710000+09:00,,TARGET_FIRST,2.0000000000000018,EXPIRED,1523.0,Positive trend with strong 24h trading value,"[44, 100)",2026-05-11 08:58:15.009000+09:00,55.57835,
476,KRW-QTUM,Rebound Watch,v1,1778479156256,2026-05-11 14:59:16.256000+09:00,1778545214866,2026-05-12 09:20:14.866000+09:00,1523.0,1492.54,1550.414,1.8000000000000016,-2.0000000000000018,35.637157472014806,36.29961588029553,6,STRATEGY_CHANGED|INITIAL_SIGNAL,0.6565988181221274,-0.8535784635587657,,,NO_HIT,-0.8535784635587684,STRATEGY_CHANGED,1510.0,Pullback with active trading volume,"[32, 36)",2026-05-11 14:59:16.256000+09:00,,
7,KRW-SAHARA,Momentum Breakout,v1,1778457495009,2026-05-11 08:58:15.009000+09:00,1778479124946,2026-05-11 14:58:44.946000+09:00,58.1,57.2285,59.262,2.0000000000000018,-1.5000000000000124,42.34784192624465,42.34784192624465,2,INITIAL_SIGNAL|EXPIRED,0.0,-6.712564543889843,,2026-05-11 14:58:44.946000+09:00,STOP_FIRST,-1.5000000000000124,EXPIRED,54.2,Positive trend with strong 24h trading value,"[40, 44)",2026-05-11 08:58:15.009000+09:00,,360.49895000000004
758,KRW-SAHARA,Rebound Watch,v1,1778503956325,2026-05-11 21:52:36.325000+09:00,1778879873121,2026-05-16 06:17:53.121000+09:00,56.3,55.174,57.3134,1.8000000000000016,-1.9999999999999907,34.23776523230194,39.7728016642896,75,STRATEGY_CHANGED|PRICE_MOVED_5_PERCENT|INITIAL_SIGNAL,16.163410301953835,-5.506216696269972,2026-05-13 09:03:19.612000+09:00,2026-05-12 09:00:45.485000+09:00,STOP_FIRST,-1.9999999999999907,STRATEGY_CHANGED,55.0,Pullback with active trading volume,"[32, 36)",2026-05-11 21:52:36.325000+09:00,2110.72145,668.1526666666667
5,KRW-SEI,Momentum Breakout,v1,1778457495009,2026-05-11 08:58:15.009000+09:00,1778479124946,2026-05-11 14:58:44.946000+09:00,112.0,110.32,114.24,2.0000000000000018,-1.5000000000000013,43.41273115830624,43.41273115830624,2,INITIAL_SIGNAL|EXPIRED,0.0,0.0,,,EXPIRED_NO_HIT,0.0,EXPIRED,112.0,Positive trend with strong 24h trading value,"[40, 44)",2026-05-11 08:58:15.009000+09:00,,
475,KRW-SEI,Rebound Watch,v1,1778479156256,2026-05-11 14:59:16.256000+09:00,1778548071494,2026-05-12 10:07:51.494000+09:00,112.0,109.76,114.016,1.8000000000000016,-1.9999999999999907,35.925569328122315,36.09046701984647,20,STRATEGY_CHANGED|INITIAL_SIGNAL,0.0,-0.8928571428571428,,,NO_HIT,0.0,STRATEGY_CHANGED,112.0,Pullback with active trading volume,"[32, 36)",2026-05-11 14:59:16.256000+09:00,,
5138,KRW-SHIB,Volume Accumulation,v1,1778791152294,2026-05-15 05:39:12.294000+09:00,1778805248327,2026-05-15 09:34:08.327000+09:00,0.00944,0.0093456,0.0095816,1.4999999999999902,-1.0000000000000009,42.19446903428562,42.19446903428562,6,STRATEGY_CHANGED|INITIAL_SIGNAL,0.0,-0.1059322033898445,,,NO_HIT,-0.10593220338984688,STRATEGY_CHANGED,0.00943,Stable price with high liquidity,"[40, 44)",2026-05-15 05:39:12.294000+09:00,,
2,KRW-SNT,Momentum Breakout,v1,1778457495009,2026-05-11 08:58:15.009000+09:00,1778479124946,2026-05-11 14:58:44.946000+09:00,16.3,16.055500000000002,16.626,2.0000000000000018,-1.4999999999999902,45.62254870925675,45.62254870925675,2,INITIAL_SIGNAL|EXPIRED,0.0,-1.2269938650306704,,,EXPIRED_NO_HIT,-1.2269938650306678,EXPIRED,16.1,Positive trend with strong 24h trading value,"[44, 100)",2026-05-11 08:58:15.009000+09:00,,
478,KRW-SNT,Rebound Watch,v1,1778479156256,2026-05-11 14:59:16.256000+09:00,1778479156256,2026-05-11 14:59:16.256000+09:00,16.1,15.778,16.3898,1.8000000000000016,-2.0000000000000018,35.2863702666553,35.2863702666553,1,INITIAL_SIGNAL,0.0,0.0,,,NO_HIT,0.0,INITIAL_SIGNAL,16.1,Pullback with active trading volume,"[32, 36)",2026-05-11 14:59:16.256000+09:00,,
482,KRW-SOL,Rebound Watch,v1,1778479156256,2026-05-11 14:59:16.256000+09:00,1778888261057,2026-05-16 08:37:41.057000+09:00,141000.0,138180.0,143538.0,1.8000000000000016,-2.0000000000000018,32.76717880066189,33.13778208696626,78,STRATEGY_CHANGED|PRICE_MOVED_5_PERCENT|INITIAL_SIGNAL,1.4184397163120568,-5.957446808510639,,2026-05-13 21:43:21.718000+09:00,STOP_FIRST,-2.0000000000000018,PRICE_MOVED_5_PERCENT,132900.0,Pullback with active trading volume,"[32, 36)",2026-05-11 14:59:16.256000+09:00,,3284.091033333333
16,KRW-SOL,Volume Accumulation,v1,1778457495009,2026-05-11 08:58:15.009000+09:00,1778479124946,2026-05-11 14:58:44.946000+09:00,141400.0,139986.0,143521.0,1.4999999999999902,-1.0000000000000009,35.6699917330282,35.6699917330282,15,STRATEGY_CHANGED|INITIAL_SIGNAL|EXPIRED,0.4243281471004243,-0.3536067892503536,,,EXPIRED_NO_HIT,-0.35360678925034916,EXPIRED,140900.0,Stable price with high liquidity,"[32, 36)",2026-05-11 08:58:15.009000+09:00,,
1,KRW-SONIC,Momentum Breakout,v1,1778457495009,2026-05-11 08:58:15.009000+09:00,1778479124946,2026-05-11 14:58:44.946000+09:00,63.3,62.3505,64.566,2.0000000000000018,-1.5000000000000013,45.95848318536643,51.10396142930245,11,PRICE_MOVED_5_PERCENT|INITIAL_SIGNAL|STRATEGY_CHANGED|EXPIRED,19.115323854660364,0.0,2026-05-11 09:13:46.828000+09:00,,TARGET_FIRST,2.0000000000000018,EXPIRED,75.4,Positive trend with strong 24h trading value,"[44, 100)",2026-05-11 08:58:15.009000+09:00,15.530316666666666,
566,KRW-SONIC,Momentum Breakout,v1,1778483798444,2026-05-11 16:16:38.444000+09:00,1778483798444,2026-05-11 16:16:38.444000+09:00,71.1,70.03349999999999,72.52199999999999,2.0000000000000018,-1.5000000000000124,50.848761873189744,50.848761873189744,1,INITIAL_SIGNAL,0.0,0.0,,,NO_HIT,0.0,INITIAL_SIGNAL,71.1,Positive trend with strong 24h trading value,"[44, 100)",2026-05-11 16:16:38.444000+09:00,,
1054,KRW-SPK,Rebound Watch,v1,1778544045485,2026-05-12 09:00:45.485000+09:00,1778645698018,2026-05-13 13:14:58.018000+09:00,48.9,47.922,49.7802,1.8000000000000016,-2.0000000000000018,36.44593849127719,36.95084155052892,16,STRATEGY_CHANGED|INITIAL_SIGNAL,4.907975460122697,0.0,2026-05-13 09:00:09.843000+09:00,,TARGET_FIRST,1.8000000000000016,STRATEGY_CHANGED,51.2,Pullback with active trading volume,"[36, 40)",2026-05-12 09:00:45.485000+09:00,1439.4059666666665,
2598,KRW-STX,Momentum Breakout,v1,1778676201718,2026-05-13 21:43:21.718000+09:00,1778685610957,2026-05-14 00:20:10.957000+09:00,417.0,410.745,425.34,2.0000000000000018,-1.5000000000000013,38.4334099094285,38.4334099094285,6,STRATEGY_CHANGED|INITIAL_SIGNAL,0.0,-0.7194244604316548,,,NO_HIT,-0.7194244604316502,STRATEGY_CHANGED,414.0,Positive trend with strong 24h trading value,"[36, 40)",2026-05-13 21:43:21.718000+09:00,,
498,KRW-SUI,Rebound Watch,v1,1778479281611,2026-05-11 15:01:21.611000+09:00,1778842615064,2026-05-15 19:56:55.064000+09:00,1892.0,1854.16,1926.056,1.8000000000000016,-1.9999999999999907,35.10599514047622,36.46384444255982,138,PRICE_MOVED_5_PERCENT|STRATEGY_CHANGED|INITIAL_SIGNAL,0.3699788583509513,-10.940803382663848,,2026-05-13 09:01:12.856000+09:00,STOP_FIRST,-1.9999999999999907,PRICE_MOVED_5_PERCENT,1686.0,Pullback with active trading volume,"[32, 36)",2026-05-11 15:01:21.611000+09:00,,2519.854083333333
27,KRW-SUI,Volume Accumulation,v1,1778457620642,2026-05-11 09:00:20.642000+09:00,1778479250400,2026-05-11 15:00:50.400000+09:00,1964.0,1944.36,1993.46,1.5000000000000124,-1.0000000000000009,38.64907551199676,38.64907551199676,12,STRATEGY_CHANGED|INITIAL_SIGNAL|EXPIRED,0.0,-3.5641547861507124,,2026-05-11 15:00:50.400000+09:00,STOP_FIRST,-1.0000000000000009,EXPIRED,1894.0,Stable price with high liquidity,"[36, 40)",2026-05-11 09:00:20.642000+09:00,,360.4959666666667
2599,KRW-TIA,Momentum Breakout,v1,1778676201718,2026-05-13 21:43:21.718000+09:00,1778740441865,2026-05-14 15:34:01.865000+09:00,711.0,700.335,725.22,2.0000000000000018,-1.4999999999999902,38.298261135853664,38.298261135853664,18,STRATEGY_CHANGED|INITIAL_SIGNAL,0.0,-2.390998593530239,,2026-05-14 15:31:42.898000+09:00,STOP_FIRST,-1.4999999999999902,STRATEGY_CHANGED,694.0,Positive trend with strong 24h trading value,"[36, 40)",2026-05-13 21:43:21.718000+09:00,,1068.353
1373,KRW-TOKAMAK,Volume Accumulation,v1,1778566206068,2026-05-12 15:10:06.068000+09:00,1778632930911,2026-05-13 09:42:10.911000+09:00,842.0,833.58,854.6299999999999,1.4999999999999902,-0.9999999999999898,35.45627610189076,37.00531211873486,15,STRATEGY_CHANGED|INITIAL_SIGNAL,2.969121140142517,-1.5439429928741093,2026-05-13 09:05:27.621000+09:00,2026-05-12 18:44:26.028000+09:00,STOP_FIRST,-0.9999999999999898,STRATEGY_CHANGED,867.0,Stable price with high liquidity,"[32, 36)",2026-05-12 15:10:06.068000+09:00,1075.3592166666667,214.33266666666665
1877,KRW-TRUMP,Momentum Breakout,v1,1778623879177,2026-05-13 07:11:19.177000+09:00,1778638928547,2026-05-13 11:22:08.547000+09:00,3750.0,3693.75,3825.0,2.0000000000000018,-1.5000000000000013,37.88709827538631,37.88709827538631,8,STRATEGY_CHANGED|INITIAL_SIGNAL,0.0,-1.893333333333333,,2026-05-13 07:51:28.464000+09:00,STOP_FIRST,-1.5000000000000013,STRATEGY_CHANGED,3734.0,Positive trend with strong 24h trading value,"[36, 40)",2026-05-13 07:11:19.177000+09:00,,40.15478333333333
3276,KRW-UP2,Volume Accumulation,v1,1778716852404,2026-05-14 09:00:52.404000+09:00,1778803569233,2026-05-15 09:06:09.233000+09:00,292.0,289.08,296.38,1.4999999999999902,-1.0000000000000009,40.06781969301959,42.42248982111717,37,STRATEGY_CHANGED|INITIAL_SIGNAL,2.054794520547945,-11.643835616438356,2026-05-14 09:35:39.403000+09:00,2026-05-15 09:02:55.722000+09:00,TARGET_FIRST,1.4999999999999902,STRATEGY_CHANGED,258.0,Stable price with high liquidity,"[40, 44)",2026-05-14 09:00:52.404000+09:00,34.783316666666664,1442.0553
14,KRW-USDT,Rebound Watch,v1,1778457495009,2026-05-11 08:58:15.009000+09:00,1778479124946,2026-05-11 14:58:44.946000+09:00,1468.0,1438.64,1494.424,1.8000000000000016,-1.9999999999999907,36.66378053424749,36.66378053424749,2,INITIAL_SIGNAL|EXPIRED,0.4087193460490463,0.0,,,EXPIRED_NO_HIT,0.4087193460490468,EXPIRED,1474.0,Pullback with active trading volume,"[36, 40)",2026-05-11 08:58:15.009000+09:00,,
472,KRW-USDT,Volume Accumulation,v1,1778479156256,2026-05-11 14:59:16.256000+09:00,1778803760721,2026-05-15 09:09:20.721000+09:00,1474.0,1459.26,1496.11,1.4999999999999902,-1.0000000000000009,38.12573198175119,38.12573198175119,62,STRATEGY_CHANGED|INITIAL_SIGNAL,0.8819538670284939,-0.2035278154681139,,,NO_HIT,0.33921302578019397,STRATEGY_CHANGED,1479.0,Stable price with high liquidity,"[36, 40)",2026-05-11 14:59:16.256000+09:00,,
2223,KRW-VIRTUAL,Volume Accumulation,v1,1778633434660,2026-05-13 09:50:34.660000+09:00,1778848961623,2026-05-15 21:42:41.623000+09:00,1215.0,1202.85,1233.225,1.4999999999999902,-1.000000000000012,34.19005454683662,36.4614885727961,38,STRATEGY_CHANGED|INITIAL_SIGNAL,2.2222222222222223,-4.8559670781893,2026-05-13 11:23:13.460000+09:00,2026-05-14 09:00:52.404000+09:00,TARGET_FIRST,1.4999999999999902,STRATEGY_CHANGED,1156.0,Stable price with high liquidity,"[32, 36)",2026-05-13 09:50:34.660000+09:00,92.64666666666668,1390.2957333333334
3684,KRW-VTHO,Volume Accumulation,v1,1778723319830,2026-05-14 10:48:39.830000+09:00,1778725898089,2026-05-14 11:31:38.089000+09:00,0.897,0.88803,0.910455,1.4999999999999902,-1.0000000000000009,41.1560837095462,41.1560837095462,6,STRATEGY_CHANGED|INITIAL_SIGNAL,0.0,-2.5641025641025665,,2026-05-14 11:05:54.016000+09:00,STOP_FIRST,-1.0000000000000009,STRATEGY_CHANGED,0.874,Stable price with high liquidity,"[40, 44)",2026-05-14 10:48:39.830000+09:00,,17.23643333333333
1491,KRW-VVV,Momentum Breakout,v1,1778571072718,2026-05-12 16:31:12.718000+09:00,1778797374324,2026-05-15 07:22:54.324000+09:00,25660.0,25275.1,26173.2,2.0000000000000018,-1.5000000000000013,44.5263244742071,44.5263244742071,30,PRICE_MOVED_5_PERCENT|STRATEGY_CHANGED|INITIAL_SIGNAL,0.0,-14.380358534684332,,2026-05-13 00:54:36.577000+09:00,STOP_FIRST,-1.5000000000000013,PRICE_MOVED_5_PERCENT,22220.0,Positive trend with strong 24h trading value,"[44, 100)",2026-05-12 16:31:12.718000+09:00,,503.39765
4,KRW-W,Momentum Breakout,v1,1778457495009,2026-05-11 08:58:15.009000+09:00,1778479124946,2026-05-11 14:58:44.946000+09:00,23.2,22.852,23.664,2.0000000000000018,-1.4999999999999902,44.15316408449549,44.15316408449549,2,INITIAL_SIGNAL|EXPIRED,0.0,-1.7241379310344769,,2026-05-11 14:58:44.946000+09:00,STOP_FIRST,-1.4999999999999902,EXPIRED,22.8,Positive trend with strong 24h trading value,"[44, 100)",2026-05-11 08:58:15.009000+09:00,,360.49895000000004
503,KRW-W,Rebound Watch,v1,1778479718195,2026-05-11 15:08:38.195000+09:00,1778479718195,2026-05-11 15:08:38.195000+09:00,22.8,22.344,23.2104,1.8000000000000016,-2.0000000000000018,34.88664039814774,34.88664039814774,1,INITIAL_SIGNAL,0.0,0.0,,,NO_HIT,0.0,INITIAL_SIGNAL,22.8,Pullback with active trading volume,"[32, 36)",2026-05-11 15:08:38.195000+09:00,,
6,KRW-WAL,Momentum Breakout,v1,1778457495009,2026-05-11 08:58:15.009000+09:00,1778479124946,2026-05-11 14:58:44.946000+09:00,127.0,125.095,129.54,2.0000000000000018,-1.5000000000000013,42.702400380687706,42.702400380687706,2,INITIAL_SIGNAL|EXPIRED,0.0,-2.3622047244094486,,2026-05-11 14:58:44.946000+09:00,STOP_FIRST,-1.5000000000000013,EXPIRED,124.0,Positive trend with strong 24h trading value,"[40, 44)",2026-05-11 08:58:15.009000+09:00,,360.49895000000004
481,KRW-WAL,Rebound Watch,v1,1778479156256,2026-05-11 14:59:16.256000+09:00,1778479156256,2026-05-11 14:59:16.256000+09:00,124.0,121.52,126.232,1.8000000000000016,-2.0000000000000018,32.883874016905054,32.883874016905054,1,INITIAL_SIGNAL,0.0,0.0,,,NO_HIT,0.0,INITIAL_SIGNAL,124.0,Pullback with active trading volume,"[32, 36)",2026-05-11 14:59:16.256000+09:00,,
5480,KRW-XCN,Momentum Breakout,v1,1778806039630,2026-05-15 09:47:19.630000+09:00,1778806039630,2026-05-15 09:47:19.630000+09:00,7.82,7.7027,7.976400000000001,2.0000000000000018,-1.5000000000000013,40.04561966909979,40.04561966909979,1,INITIAL_SIGNAL,0.0,0.0,,,NO_HIT,0.0,INITIAL_SIGNAL,7.82,Positive trend with strong 24h trading value,"[40, 44)",2026-05-15 09:47:19.630000+09:00,,
22,KRW-XEC,Rebound Watch,v1,1778457620642,2026-05-11 09:00:20.642000+09:00,1778479250400,2026-05-11 15:00:50.400000+09:00,0.0127,0.0124459999999999,0.0129286,1.8000000000000016,-2.00000000000079,44.14457955068524,44.23609918928226,10,STRATEGY_CHANGED|INITIAL_SIGNAL|EXPIRED,1.5748031496063033,0.0,,,EXPIRED_NO_HIT,1.5748031496062964,EXPIRED,0.0129,Pullback with active trading volume,"[44, 100)",2026-05-11 09:00:20.642000+09:00,,
494,KRW-XEC,Volume Accumulation,v1,1778479281611,2026-05-11 15:01:21.611000+09:00,1778494827739,2026-05-11 19:20:27.739000+09:00,0.0129,0.012771,0.0130935,1.4999999999999902,-1.0000000000000009,44.877915796434834,44.877915796434834,27,STRATEGY_CHANGED|INITIAL_SIGNAL,0.7751937984496077,-0.7751937984496077,,,NO_HIT,-0.7751937984496027,STRATEGY_CHANGED,0.0128,Stable price with high liquidity,"[44, 100)",2026-05-11 15:01:21.611000+09:00,,
11,KRW-XLM,Momentum Breakout,v1,1778457495009,2026-05-11 08:58:15.009000+09:00,1778479124946,2026-05-11 14:58:44.946000+09:00,249.0,245.265,253.98,2.0000000000000018,-1.5000000000000013,39.41222300952049,39.41222300952049,2,INITIAL_SIGNAL|EXPIRED,0.0,-1.2048192771084338,,,EXPIRED_NO_HIT,-1.2048192771084376,EXPIRED,246.0,Positive trend with strong 24h trading value,"[36, 40)",2026-05-11 08:58:15.009000+09:00,,
479,KRW-XLM,Rebound Watch,v1,1778479156256,2026-05-11 14:59:16.256000+09:00,1778889156368,2026-05-16 08:52:36.368000+09:00,246.0,241.08,250.428,1.8000000000000016,-1.9999999999999907,35.03742635770556,35.968645219377024,131,STRATEGY_CHANGED|PRICE_MOVED_5_PERCENT|INITIAL_SIGNAL,0.8130081300813009,-6.097560975609756,,2026-05-13 09:26:05.019000+09:00,STOP_FIRST,-1.9999999999999907,PRICE_MOVED_5_PERCENT,231.0,Pullback with active trading volume,"[32, 36)",2026-05-11 14:59:16.256000+09:00,,2546.812716666667
8,KRW-XRP,Momentum Breakout,v1,1778457495009,2026-05-11 08:58:15.009000+09:00,1778479124946,2026-05-11 14:58:44.946000+09:00,2158.0,2125.63,2201.16,2.0000000000000018,-1.4999999999999902,41.46368444606098,41.46368444606098,2,INITIAL_SIGNAL|EXPIRED,0.0,-0.6950880444856349,,,EXPIRED_NO_HIT,-0.6950880444856367,EXPIRED,2143.0,Positive trend with strong 24h trading value,"[40, 44)",2026-05-11 08:58:15.009000+09:00,,
473,KRW-XRP,Rebound Watch,v1,1778479156256,2026-05-11 14:59:16.256000+09:00,1778820312392,2026-05-15 13:45:12.392000+09:00,2144.0,2101.12,2182.592,1.8000000000000016,-2.0000000000000018,38.039564984597405,38.93495061106875,40,STRATEGY_CHANGED|INITIAL_SIGNAL,2.28544776119403,-1.1194029850746268,2026-05-15 09:00:11.656000+09:00,,TARGET_FIRST,1.8000000000000016,STRATEGY_CHANGED,2192.0,Pullback with active trading volume,"[36, 40)",2026-05-11 14:59:16.256000+09:00,5400.923333333334,
2674,KRW-ZBT,Momentum Breakout,v1,1778679606124,2026-05-13 22:40:06.124000+09:00,1778889124303,2026-05-16 08:52:04.303000+09:00,252.0,248.22,257.04,2.0000000000000018,-1.5000000000000013,44.68121402360977,44.72364071177278,47,PRICE_MOVED_5_PERCENT|STRATEGY_CHANGED|INITIAL_SIGNAL,0.0,-11.507936507936508,,2026-05-14 02:20:32.633000+09:00,STOP_FIRST,-1.5000000000000013,PRICE_MOVED_5_PERCENT,235.0,Positive trend with strong 24h trading value,"[44, 100)",2026-05-13 22:40:06.124000+09:00,,220.44181666666665
